"0","# Backwards Stepwise Regression Using p-value as goodness of fit criteria, cutoff 0.05"
"0","step_mod <- ols_step_backward_p(full_mod, prem = 0.05)"
"0","step_mod"
"1","

"
"1"," "
"1","                                     Stepwise Summary                                      "
"1"," "
"1","
"
"1","-"
"1",""
"1","-"
"1",""
"1","-"
"1",""
"1","-"
"1",""
"1","-"
"1",""
"1","-"
"1",""
"1","-"
"1",""
"1","-"
"1",""
"1","-"
"1",""
"1","-"
"1",""
"1","-"
"1",""
"1","-"
"1",""
"1","-"
"1",""
"1","-"
"1",""
"1","-"
"1",""
"1","-"
"1",""
"1","-"
"1",""
"1","-"
"1",""
"1","-"
"1",""
"1","-"
"1",""
"1","-"
"1",""
"1","-"
"1",""
"1","-"
"1",""
"1","-"
"1",""
"1","-"
"1",""
"1","-"
"1",""
"1","-"
"1",""
"1","-"
"1",""
"1","-"
"1",""
"1","-"
"1",""
"1","-"
"1",""
"1","-"
"1",""
"1","-"
"1",""
"1","-"
"1",""
"1","-"
"1",""
"1","-"
"1",""
"1","-"
"1",""
"1","-"
"1",""
"1","-"
"1",""
"1","-"
"1",""
"1","-"
"1",""
"1","-"
"1",""
"1","-"
"1",""
"1","-"
"1",""
"1","-"
"1",""
"1","-"
"1",""
"1","-"
"1",""
"1","-"
"1",""
"1","-"
"1",""
"1","-"
"1",""
"1","-"
"1",""
"1","-"
"1",""
"1","-"
"1",""
"1","-"
"1",""
"1","-"
"1",""
"1","-"
"1",""
"1","-"
"1",""
"1","-"
"1",""
"1","-"
"1",""
"1","-"
"1",""
"1","-"
"1",""
"1","-"
"1",""
"1","-"
"1",""
"1","-"
"1",""
"1","-"
"1",""
"1","-"
"1",""
"1","-"
"1",""
"1","-"
"1",""
"1","-"
"1",""
"1","-"
"1",""
"1","-"
"1",""
"1","-"
"1",""
"1","-"
"1",""
"1","-"
"1",""
"1","-"
"1",""
"1","-"
"1",""
"1","-"
"1",""
"1","-"
"1",""
"1","-"
"1",""
"1","-"
"1",""
"1","-"
"1",""
"1","-"
"1",""
"1","-"
"1",""
"1","-"
"1",""
"1","-"
"1",""
"1","-"
"1",""
"1","-"
"1",""
"1","-"
"1",""
"1","-"
"1",""
"1","-"
"1",""
"1","-"
"1",""
"1","
"
"1","Step"
"1"," "
"1","  "
"1"," "
"1","Variable                    "
"1"," "
"1","  "
"1"," "
"1","  AIC  "
"1"," "
"1","  "
"1"," "
"1","  SBC  "
"1"," "
"1","  "
"1"," "
"1"," SBIC  "
"1"," "
"1","  "
"1"," "
"1","  R2   "
"1"," "
"1","  "
"1"," "
"1","Adj. R2"
"1"," "
"1","
"
"1","-"
"1",""
"1","-"
"1",""
"1","-"
"1",""
"1","-"
"1",""
"1","-"
"1",""
"1","-"
"1",""
"1","-"
"1",""
"1","-"
"1",""
"1","-"
"1",""
"1","-"
"1",""
"1","-"
"1",""
"1","-"
"1",""
"1","-"
"1",""
"1","-"
"1",""
"1","-"
"1",""
"1","-"
"1",""
"1","-"
"1",""
"1","-"
"1",""
"1","-"
"1",""
"1","-"
"1",""
"1","-"
"1",""
"1","-"
"1",""
"1","-"
"1",""
"1","-"
"1",""
"1","-"
"1",""
"1","-"
"1",""
"1","-"
"1",""
"1","-"
"1",""
"1","-"
"1",""
"1","-"
"1",""
"1","-"
"1",""
"1","-"
"1",""
"1","-"
"1",""
"1","-"
"1",""
"1","-"
"1",""
"1","-"
"1",""
"1","-"
"1",""
"1","-"
"1",""
"1","-"
"1",""
"1","-"
"1",""
"1","-"
"1",""
"1","-"
"1",""
"1","-"
"1",""
"1","-"
"1",""
"1","-"
"1",""
"1","-"
"1",""
"1","-"
"1",""
"1","-"
"1",""
"1","-"
"1",""
"1","-"
"1",""
"1","-"
"1",""
"1","-"
"1",""
"1","-"
"1",""
"1","-"
"1",""
"1","-"
"1",""
"1","-"
"1",""
"1","-"
"1",""
"1","-"
"1",""
"1","-"
"1",""
"1","-"
"1",""
"1","-"
"1",""
"1","-"
"1",""
"1","-"
"1",""
"1","-"
"1",""
"1","-"
"1",""
"1","-"
"1",""
"1","-"
"1",""
"1","-"
"1",""
"1","-"
"1",""
"1","-"
"1",""
"1","-"
"1",""
"1","-"
"1",""
"1","-"
"1",""
"1","-"
"1",""
"1","-"
"1",""
"1","-"
"1",""
"1","-"
"1",""
"1","-"
"1",""
"1","-"
"1",""
"1","-"
"1",""
"1","-"
"1",""
"1","-"
"1",""
"1","-"
"1",""
"1","-"
"1",""
"1","-"
"1",""
"1","-"
"1",""
"1","-"
"1",""
"1","-"
"1",""
"1","-"
"1",""
"1","-"
"1",""
"1","-"
"1",""
"1","
"
"1"," 0  "
"1"," "
"1","  "
"1"," "
"1","Full Model                  "
"1"," "
"1","  "
"1"," "
"1","738.093"
"1"," "
"1","  "
"1"," "
"1","797.549"
"1"," "
"1","  "
"1"," "
"1","504.386"
"1"," "
"1","  "
"1"," "
"1","0.77356"
"1"," "
"1","  "
"1"," "
"1","0.69692"
"1"," "
"1","
"
"1"," 1  "
"1"," "
"1","  "
"1"," "
"1","age_65_or_older             "
"1"," "
"1","  "
"1"," "
"1","736.100"
"1"," "
"1","  "
"1"," "
"1","793.079"
"1"," "
"1","  "
"1"," "
"1","501.681"
"1"," "
"1","  "
"1"," "
"1","0.77355"
"1"," "
"1","  "
"1"," "
"1","0.70149"
"1"," "
"1","
"
"1"," 2  "
"1"," "
"1","  "
"1"," "
"1","no_vehicle                  "
"1"," "
"1","  "
"1"," "
"1","734.135"
"1"," "
"1","  "
"1"," "
"1","788.636"
"1"," "
"1","  "
"1"," "
"1","498.987"
"1"," "
"1","  "
"1"," "
"1","0.77346"
"1"," "
"1","  "
"1"," "
"1","0.70583"
"1"," "
"1","
"
"1"," 3  "
"1"," "
"1","  "
"1"," "
"1","unemployed                  "
"1"," "
"1","  "
"1"," "
"1","732.224"
"1"," "
"1","  "
"1"," "
"1","784.248"
"1"," "
"1","  "
"1"," "
"1","496.316"
"1"," "
"1","  "
"1"," "
"1","0.77323"
"1"," "
"1","  "
"1"," "
"1","0.70987"
"1"," "
"1","
"
"1"," 4  "
"1"," "
"1","  "
"1"," "
"1","speak_english_less_than_well"
"1"," "
"1","  "
"1"," "
"1","730.333"
"1"," "
"1","  "
"1"," "
"1","779.879"
"1"," "
"1","  "
"1"," "
"1","493.661"
"1"," "
"1","  "
"1"," "
"1","0.77295"
"1"," "
"1","  "
"1"," "
"1","0.71372"
"1"," "
"1","
"
"1"," 5  "
"1"," "
"1","  "
"1"," "
"1","group_quarters              "
"1"," "
"1","  "
"1"," "
"1","728.560"
"1"," "
"1","  "
"1"," "
"1","775.630"
"1"," "
"1","  "
"1"," "
"1","491.067"
"1"," "
"1","  "
"1"," "
"1","0.77236"
"1"," "
"1","  "
"1"," "
"1","0.71708"
"1"," "
"1","
"
"1"," 6  "
"1"," "
"1","  "
"1"," "
"1","mobile_homes                "
"1"," "
"1","  "
"1"," "
"1","726.876"
"1"," "
"1","  "
"1"," "
"1","771.468"
"1"," "
"1","  "
"1"," "
"1","488.532"
"1"," "
"1","  "
"1"," "
"1","0.77154"
"1"," "
"1","  "
"1"," "
"1","0.72006"
"1"," "
"1","
"
"1","-"
"1",""
"1","-"
"1",""
"1","-"
"1",""
"1","-"
"1",""
"1","-"
"1",""
"1","-"
"1",""
"1","-"
"1",""
"1","-"
"1",""
"1","-"
"1",""
"1","-"
"1",""
"1","-"
"1",""
"1","-"
"1",""
"1","-"
"1",""
"1","-"
"1",""
"1","-"
"1",""
"1","-"
"1",""
"1","-"
"1",""
"1","-"
"1",""
"1","-"
"1",""
"1","-"
"1",""
"1","-"
"1",""
"1","-"
"1",""
"1","-"
"1",""
"1","-"
"1",""
"1","-"
"1",""
"1","-"
"1",""
"1","-"
"1",""
"1","-"
"1",""
"1","-"
"1",""
"1","-"
"1",""
"1","-"
"1",""
"1","-"
"1",""
"1","-"
"1",""
"1","-"
"1",""
"1","-"
"1",""
"1","-"
"1",""
"1","-"
"1",""
"1","-"
"1",""
"1","-"
"1",""
"1","-"
"1",""
"1","-"
"1",""
"1","-"
"1",""
"1","-"
"1",""
"1","-"
"1",""
"1","-"
"1",""
"1","-"
"1",""
"1","-"
"1",""
"1","-"
"1",""
"1","-"
"1",""
"1","-"
"1",""
"1","-"
"1",""
"1","-"
"1",""
"1","-"
"1",""
"1","-"
"1",""
"1","-"
"1",""
"1","-"
"1",""
"1","-"
"1",""
"1","-"
"1",""
"1","-"
"1",""
"1","-"
"1",""
"1","-"
"1",""
"1","-"
"1",""
"1","-"
"1",""
"1","-"
"1",""
"1","-"
"1",""
"1","-"
"1",""
"1","-"
"1",""
"1","-"
"1",""
"1","-"
"1",""
"1","-"
"1",""
"1","-"
"1",""
"1","-"
"1",""
"1","-"
"1",""
"1","-"
"1",""
"1","-"
"1",""
"1","-"
"1",""
"1","-"
"1",""
"1","-"
"1",""
"1","-"
"1",""
"1","-"
"1",""
"1","-"
"1",""
"1","-"
"1",""
"1","-"
"1",""
"1","-"
"1",""
"1","-"
"1",""
"1","-"
"1",""
"1","-"
"1",""
"1","-"
"1",""
"1","-"
"1",""
"1","-"
"1",""
"1","-"
"1","

"
"1","Final Model Output"
"1"," "
"1","
"
"1","-"
"1",""
"1","-"
"1",""
"1","-"
"1",""
"1","-"
"1",""
"1","-"
"1",""
"1","-"
"1",""
"1","-"
"1",""
"1","-"
"1",""
"1","-"
"1",""
"1","-"
"1",""
"1","-"
"1",""
"1","-"
"1",""
"1","-"
"1",""
"1","-"
"1",""
"1","-"
"1",""
"1","-"
"1",""
"1","-"
"1",""
"1","-"
"1",""
"1","

"
"1","                         Model Summary                          "
"1"," "
"1","
"
"1","-"
"1",""
"1","-"
"1",""
"1","-"
"1",""
"1","-"
"1",""
"1","-"
"1",""
"1","-"
"1",""
"1","-"
"1",""
"1","-"
"1",""
"1","-"
"1",""
"1","-"
"1",""
"1","-"
"1",""
"1","-"
"1",""
"1","-"
"1",""
"1","-"
"1",""
"1","-"
"1",""
"1","-"
"1",""
"1","-"
"1",""
"1","-"
"1",""
"1","-"
"1",""
"1","-"
"1",""
"1","-"
"1",""
"1","-"
"1",""
"1","-"
"1",""
"1","-"
"1",""
"1","-"
"1",""
"1","-"
"1",""
"1","-"
"1",""
"1","-"
"1",""
"1","-"
"1",""
"1","-"
"1",""
"1","-"
"1",""
"1","-"
"1",""
"1","-"
"1",""
"1","-"
"1",""
"1","-"
"1",""
"1","-"
"1",""
"1","-"
"1",""
"1","-"
"1",""
"1","-"
"1",""
"1","-"
"1",""
"1","-"
"1",""
"1","-"
"1",""
"1","-"
"1",""
"1","-"
"1",""
"1","-"
"1",""
"1","-"
"1",""
"1","-"
"1",""
"1","-"
"1",""
"1","-"
"1",""
"1","-"
"1",""
"1","-"
"1",""
"1","-"
"1",""
"1","-"
"1",""
"1","-"
"1",""
"1","-"
"1",""
"1","-"
"1",""
"1","-"
"1",""
"1","-"
"1",""
"1","-"
"1",""
"1","-"
"1",""
"1","-"
"1",""
"1","-"
"1",""
"1","-"
"1",""
"1","-"
"1",""
"1","
"
"1","R             "
"1"," "
"1","  "
"1"," "
"1","  "
"1"," "
"1","  "
"1"," "
"1"," 0.878"
"1"," "
"1","  "
"1"," "
"1","  "
"1"," "
"1","RMSE     "
"1"," "
"1","  "
"1"," "
"1","  "
"1"," "
"1","  "
"1"," "
"1"," 12.262"
"1"," "
"1","
"
"1","R-Squared     "
"1"," "
"1","  "
"1"," "
"1","  "
"1"," "
"1","  "
"1"," "
"1"," 0.772"
"1"," "
"1","  "
"1"," "
"1","  "
"1"," "
"1","MSE      "
"1"," "
"1","  "
"1"," "
"1","  "
"1"," "
"1","  "
"1"," "
"1","150.352"
"1"," "
"1","
"
"1","Adj. R-Squared"
"1"," "
"1","  "
"1"," "
"1","  "
"1"," "
"1","  "
"1"," "
"1"," 0.720"
"1"," "
"1","  "
"1"," "
"1","  "
"1"," "
"1","Coef. Var"
"1"," "
"1","  "
"1"," "
"1","  "
"1"," "
"1","  "
"1"," "
"1"," 28.333"
"1"," "
"1","
"
"1","Pred R-Squared"
"1"," "
"1","  "
"1"," "
"1","  "
"1"," "
"1","  "
"1"," "
"1"," 0.567"
"1"," "
"1","  "
"1"," "
"1","  "
"1"," "
"1","AIC      "
"1"," "
"1","  "
"1"," "
"1","  "
"1"," "
"1","  "
"1"," "
"1","726.876"
"1"," "
"1","
"
"1","MAE           "
"1"," "
"1","  "
"1"," "
"1","  "
"1"," "
"1","  "
"1"," "
"1","10.127"
"1"," "
"1","  "
"1"," "
"1","  "
"1"," "
"1","SBC      "
"1"," "
"1","  "
"1"," "
"1","  "
"1"," "
"1","  "
"1"," "
"1","771.468"
"1"," "
"1","
"
"1","-"
"1",""
"1","-"
"1",""
"1","-"
"1",""
"1","-"
"1",""
"1","-"
"1",""
"1","-"
"1",""
"1","-"
"1",""
"1","-"
"1",""
"1","-"
"1",""
"1","-"
"1",""
"1","-"
"1",""
"1","-"
"1",""
"1","-"
"1",""
"1","-"
"1",""
"1","-"
"1",""
"1","-"
"1",""
"1","-"
"1",""
"1","-"
"1",""
"1","-"
"1",""
"1","-"
"1",""
"1","-"
"1",""
"1","-"
"1",""
"1","-"
"1",""
"1","-"
"1",""
"1","-"
"1",""
"1","-"
"1",""
"1","-"
"1",""
"1","-"
"1",""
"1","-"
"1",""
"1","-"
"1",""
"1","-"
"1",""
"1","-"
"1",""
"1","-"
"1",""
"1","-"
"1",""
"1","-"
"1",""
"1","-"
"1",""
"1","-"
"1",""
"1","-"
"1",""
"1","-"
"1",""
"1","-"
"1",""
"1","-"
"1",""
"1","-"
"1",""
"1","-"
"1",""
"1","-"
"1",""
"1","-"
"1",""
"1","-"
"1",""
"1","-"
"1",""
"1","-"
"1",""
"1","-"
"1",""
"1","-"
"1",""
"1","-"
"1",""
"1","-"
"1",""
"1","-"
"1",""
"1","-"
"1",""
"1","-"
"1",""
"1","-"
"1",""
"1","-"
"1",""
"1","-"
"1",""
"1","-"
"1",""
"1","-"
"1",""
"1","-"
"1",""
"1","-"
"1",""
"1","-"
"1",""
"1","-"
"1",""
"1","
"
"1"," RMSE: Root Mean Square Error"
"1"," "
"1","
"
"1"," "
"1","MSE: Mean Square Error"
"1"," "
"1","
"
"1"," "
"1","MAE: Mean Absolute Error"
"1"," "
"1","
"
"1"," "
"1","AIC: Akaike Information Criteria"
"1"," "
"1","
"
"1"," "
"1","SBC: Schwarz Bayesian Criteria"
"1"," "
"1","

"
"1","                                ANOVA                                "
"1"," "
"1","
"
"1","-"
"1",""
"1","-"
"1",""
"1","-"
"1",""
"1","-"
"1",""
"1","-"
"1",""
"1","-"
"1",""
"1","-"
"1",""
"1","-"
"1",""
"1","-"
"1",""
"1","-"
"1",""
"1","-"
"1",""
"1","-"
"1",""
"1","-"
"1",""
"1","-"
"1",""
"1","-"
"1",""
"1","-"
"1",""
"1","-"
"1",""
"1","-"
"1",""
"1","-"
"1",""
"1","-"
"1",""
"1","-"
"1",""
"1","-"
"1",""
"1","-"
"1",""
"1","-"
"1",""
"1","-"
"1",""
"1","-"
"1",""
"1","-"
"1",""
"1","-"
"1",""
"1","-"
"1",""
"1","-"
"1",""
"1","-"
"1",""
"1","-"
"1",""
"1","-"
"1",""
"1","-"
"1",""
"1","-"
"1",""
"1","-"
"1",""
"1","-"
"1",""
"1","-"
"1",""
"1","-"
"1",""
"1","-"
"1",""
"1","-"
"1",""
"1","-"
"1",""
"1","-"
"1",""
"1","-"
"1",""
"1","-"
"1",""
"1","-"
"1",""
"1","-"
"1",""
"1","-"
"1",""
"1","-"
"1",""
"1","-"
"1",""
"1","-"
"1",""
"1","-"
"1",""
"1","-"
"1",""
"1","-"
"1",""
"1","-"
"1",""
"1","-"
"1",""
"1","-"
"1",""
"1","-"
"1",""
"1","-"
"1",""
"1","-"
"1",""
"1","-"
"1",""
"1","-"
"1",""
"1","-"
"1",""
"1","-"
"1",""
"1","-"
"1",""
"1","-"
"1",""
"1","-"
"1",""
"1","-"
"1",""
"1","-"
"1",""
"1","
"
"1","          "
"1"," "
"1","  "
"1"," "
"1","   Sum of"
"1"," "
"1","  "
"1"," "
"1","      "
"1"," "
"1","  "
"1"," "
"1","           "
"1"," "
"1","  "
"1"," "
"1","      "
"1"," "
"1","  "
"1"," "
"1","      "
"1"," "
"1","
"
"1","          "
"1"," "
"1","  "
"1"," "
"1","  Squares"
"1"," "
"1","  "
"1"," "
"1","    DF"
"1"," "
"1","  "
"1"," "
"1","Mean Square"
"1"," "
"1","  "
"1"," "
"1","  F   "
"1"," "
"1","  "
"1"," "
"1","  Sig."
"1"," "
"1","
"
"1","-"
"1",""
"1","-"
"1",""
"1","-"
"1",""
"1","-"
"1",""
"1","-"
"1",""
"1","-"
"1",""
"1","-"
"1",""
"1","-"
"1",""
"1","-"
"1",""
"1","-"
"1",""
"1","-"
"1",""
"1","-"
"1",""
"1","-"
"1",""
"1","-"
"1",""
"1","-"
"1",""
"1","-"
"1",""
"1","-"
"1",""
"1","-"
"1",""
"1","-"
"1",""
"1","-"
"1",""
"1","-"
"1",""
"1","-"
"1",""
"1","-"
"1",""
"1","-"
"1",""
"1","-"
"1",""
"1","-"
"1",""
"1","-"
"1",""
"1","-"
"1",""
"1","-"
"1",""
"1","-"
"1",""
"1","-"
"1",""
"1","-"
"1",""
"1","-"
"1",""
"1","-"
"1",""
"1","-"
"1",""
"1","-"
"1",""
"1","-"
"1",""
"1","-"
"1",""
"1","-"
"1",""
"1","-"
"1",""
"1","-"
"1",""
"1","-"
"1",""
"1","-"
"1",""
"1","-"
"1",""
"1","-"
"1",""
"1","-"
"1",""
"1","-"
"1",""
"1","-"
"1",""
"1","-"
"1",""
"1","-"
"1",""
"1","-"
"1",""
"1","-"
"1",""
"1","-"
"1",""
"1","-"
"1",""
"1","-"
"1",""
"1","-"
"1",""
"1","-"
"1",""
"1","-"
"1",""
"1","-"
"1",""
"1","-"
"1",""
"1","-"
"1",""
"1","-"
"1",""
"1","-"
"1",""
"1","-"
"1",""
"1","-"
"1",""
"1","-"
"1",""
"1","-"
"1",""
"1","-"
"1",""
"1","-"
"1",""
"1","
"
"1","Regression"
"1"," "
"1","  "
"1"," "
"1","44683.374"
"1"," "
"1","  "
"1"," "
"1","    16"
"1"," "
"1","  "
"1"," "
"1","   2792.711"
"1"," "
"1","  "
"1"," "
"1","14.986"
"1"," "
"1","  "
"1"," "
"1","0.0000"
"1"," "
"1","
"
"1","Residual  "
"1"," "
"1","  "
"1"," "
"1","13231.012"
"1"," "
"1","  "
"1"," "
"1","    71"
"1"," "
"1","  "
"1"," "
"1","    186.352"
"1"," "
"1","  "
"1"," "
"1","      "
"1"," "
"1","  "
"1"," "
"1","      "
"1"," "
"1","
"
"1","Total     "
"1"," "
"1","  "
"1"," "
"1","57914.386"
"1"," "
"1","  "
"1"," "
"1","    87"
"1"," "
"1","  "
"1"," "
"1","           "
"1"," "
"1","  "
"1"," "
"1","      "
"1"," "
"1","  "
"1"," "
"1","      "
"1"," "
"1","
"
"1","-"
"1",""
"1","-"
"1",""
"1","-"
"1",""
"1","-"
"1",""
"1","-"
"1",""
"1","-"
"1",""
"1","-"
"1",""
"1","-"
"1",""
"1","-"
"1",""
"1","-"
"1",""
"1","-"
"1",""
"1","-"
"1",""
"1","-"
"1",""
"1","-"
"1",""
"1","-"
"1",""
"1","-"
"1",""
"1","-"
"1",""
"1","-"
"1",""
"1","-"
"1",""
"1","-"
"1",""
"1","-"
"1",""
"1","-"
"1",""
"1","-"
"1",""
"1","-"
"1",""
"1","-"
"1",""
"1","-"
"1",""
"1","-"
"1",""
"1","-"
"1",""
"1","-"
"1",""
"1","-"
"1",""
"1","-"
"1",""
"1","-"
"1",""
"1","-"
"1",""
"1","-"
"1",""
"1","-"
"1",""
"1","-"
"1",""
"1","-"
"1",""
"1","-"
"1",""
"1","-"
"1",""
"1","-"
"1",""
"1","-"
"1",""
"1","-"
"1",""
"1","-"
"1",""
"1","-"
"1",""
"1","-"
"1",""
"1","-"
"1",""
"1","-"
"1",""
"1","-"
"1",""
"1","-"
"1",""
"1","-"
"1",""
"1","-"
"1",""
"1","-"
"1",""
"1","-"
"1",""
"1","-"
"1",""
"1","-"
"1",""
"1","-"
"1",""
"1","-"
"1",""
"1","-"
"1",""
"1","-"
"1",""
"1","-"
"1",""
"1","-"
"1",""
"1","-"
"1",""
"1","-"
"1",""
"1","-"
"1",""
"1","-"
"1",""
"1","-"
"1",""
"1","-"
"1",""
"1","-"
"1",""
"1","-"
"1",""
"1","

"
"1","                                               Parameter Estimates                                                "
"1"," "
"1","
"
"1","-"
"1",""
"1","-"
"1",""
"1","-"
"1",""
"1","-"
"1",""
"1","-"
"1",""
"1","-"
"1",""
"1","-"
"1",""
"1","-"
"1",""
"1","-"
"1",""
"1","-"
"1",""
"1","-"
"1",""
"1","-"
"1",""
"1","-"
"1",""
"1","-"
"1",""
"1","-"
"1",""
"1","-"
"1",""
"1","-"
"1",""
"1","-"
"1",""
"1","-"
"1",""
"1","-"
"1",""
"1","-"
"1",""
"1","-"
"1",""
"1","-"
"1",""
"1","-"
"1",""
"1","-"
"1",""
"1","-"
"1",""
"1","-"
"1",""
"1","-"
"1",""
"1","-"
"1",""
"1","-"
"1",""
"1","-"
"1",""
"1","-"
"1",""
"1","-"
"1",""
"1","-"
"1",""
"1","-"
"1",""
"1","-"
"1",""
"1","-"
"1",""
"1","-"
"1",""
"1","-"
"1",""
"1","-"
"1",""
"1","-"
"1",""
"1","-"
"1",""
"1","-"
"1",""
"1","-"
"1",""
"1","-"
"1",""
"1","-"
"1",""
"1","-"
"1",""
"1","-"
"1",""
"1","-"
"1",""
"1","-"
"1",""
"1","-"
"1",""
"1","-"
"1",""
"1","-"
"1",""
"1","-"
"1",""
"1","-"
"1",""
"1","-"
"1",""
"1","-"
"1",""
"1","-"
"1",""
"1","-"
"1",""
"1","-"
"1",""
"1","-"
"1",""
"1","-"
"1",""
"1","-"
"1",""
"1","-"
"1",""
"1","-"
"1",""
"1","-"
"1",""
"1","-"
"1",""
"1","-"
"1",""
"1","-"
"1",""
"1","-"
"1",""
"1","-"
"1",""
"1","-"
"1",""
"1","-"
"1",""
"1","-"
"1",""
"1","-"
"1",""
"1","-"
"1",""
"1","-"
"1",""
"1","-"
"1",""
"1","-"
"1",""
"1","-"
"1",""
"1","-"
"1",""
"1","-"
"1",""
"1","-"
"1",""
"1","-"
"1",""
"1","-"
"1",""
"1","-"
"1",""
"1","-"
"1",""
"1","-"
"1",""
"1","-"
"1",""
"1","-"
"1",""
"1","-"
"1",""
"1","-"
"1",""
"1","-"
"1",""
"1","-"
"1",""
"1","-"
"1",""
"1","-"
"1",""
"1","-"
"1",""
"1","-"
"1",""
"1","-"
"1",""
"1","-"
"1",""
"1","-"
"1",""
"1","-"
"1",""
"1","-"
"1",""
"1","-"
"1",""
"1","-"
"1",""
"1","-"
"1",""
"1","-"
"1",""
"1","-"
"1",""
"1","-"
"1",""
"1","-"
"1",""
"1","-"
"1",""
"1","-"
"1",""
"1","-"
"1",""
"1","-"
"1",""
"1","
"
"1","                             model"
"1"," "
"1","  "
"1"," "
"1","   Beta"
"1"," "
"1","  "
"1"," "
"1","Std. Error"
"1"," "
"1","  "
"1"," "
"1","Std. Beta"
"1"," "
"1","  "
"1"," "
"1","  t   "
"1"," "
"1","  "
"1"," "
"1"," Sig "
"1"," "
"1","  "
"1"," "
"1","   lower"
"1"," "
"1","  "
"1"," "
"1"," upper"
"1"," "
"1","
"
"1","-"
"1",""
"1","-"
"1",""
"1","-"
"1",""
"1","-"
"1",""
"1","-"
"1",""
"1","-"
"1",""
"1","-"
"1",""
"1","-"
"1",""
"1","-"
"1",""
"1","-"
"1",""
"1","-"
"1",""
"1","-"
"1",""
"1","-"
"1",""
"1","-"
"1",""
"1","-"
"1",""
"1","-"
"1",""
"1","-"
"1",""
"1","-"
"1",""
"1","-"
"1",""
"1","-"
"1",""
"1","-"
"1",""
"1","-"
"1",""
"1","-"
"1",""
"1","-"
"1",""
"1","-"
"1",""
"1","-"
"1",""
"1","-"
"1",""
"1","-"
"1",""
"1","-"
"1",""
"1","-"
"1",""
"1","-"
"1",""
"1","-"
"1",""
"1","-"
"1",""
"1","-"
"1",""
"1","-"
"1",""
"1","-"
"1",""
"1","-"
"1",""
"1","-"
"1",""
"1","-"
"1",""
"1","-"
"1",""
"1","-"
"1",""
"1","-"
"1",""
"1","-"
"1",""
"1","-"
"1",""
"1","-"
"1",""
"1","-"
"1",""
"1","-"
"1",""
"1","-"
"1",""
"1","-"
"1",""
"1","-"
"1",""
"1","-"
"1",""
"1","-"
"1",""
"1","-"
"1",""
"1","-"
"1",""
"1","-"
"1",""
"1","-"
"1",""
"1","-"
"1",""
"1","-"
"1",""
"1","-"
"1",""
"1","-"
"1",""
"1","-"
"1",""
"1","-"
"1",""
"1","-"
"1",""
"1","-"
"1",""
"1","-"
"1",""
"1","-"
"1",""
"1","-"
"1",""
"1","-"
"1",""
"1","-"
"1",""
"1","-"
"1",""
"1","-"
"1",""
"1","-"
"1",""
"1","-"
"1",""
"1","-"
"1",""
"1","-"
"1",""
"1","-"
"1",""
"1","-"
"1",""
"1","-"
"1",""
"1","-"
"1",""
"1","-"
"1",""
"1","-"
"1",""
"1","-"
"1",""
"1","-"
"1",""
"1","-"
"1",""
"1","-"
"1",""
"1","-"
"1",""
"1","-"
"1",""
"1","-"
"1",""
"1","-"
"1",""
"1","-"
"1",""
"1","-"
"1",""
"1","-"
"1",""
"1","-"
"1",""
"1","-"
"1",""
"1","-"
"1",""
"1","-"
"1",""
"1","-"
"1",""
"1","-"
"1",""
"1","-"
"1",""
"1","-"
"1",""
"1","-"
"1",""
"1","-"
"1",""
"1","-"
"1",""
"1","-"
"1",""
"1","-"
"1",""
"1","-"
"1",""
"1","-"
"1",""
"1","-"
"1",""
"1","-"
"1",""
"1","-"
"1",""
"1","-"
"1",""
"1","-"
"1",""
"1","-"
"1",""
"1","-"
"1",""
"1","
"
"1","                       (Intercept)"
"1"," "
"1","  "
"1"," "
"1","-50.451"
"1"," "
"1","  "
"1"," "
"1","    25.819"
"1"," "
"1","  "
"1"," "
"1","         "
"1"," "
"1","  "
"1"," "
"1","-1.954"
"1"," "
"1","  "
"1"," "
"1","0.055"
"1"," "
"1","  "
"1"," "
"1","-101.932"
"1"," "
"1","  "
"1"," "
"1"," 1.031"
"1"," "
"1","
"
"1","                  total_population"
"1"," "
"1","  "
"1"," "
"1"," -0.002"
"1"," "
"1","  "
"1"," "
"1","     0.001"
"1"," "
"1","  "
"1"," "
"1","  -15.368"
"1"," "
"1","  "
"1"," "
"1","-3.021"
"1"," "
"1","  "
"1"," "
"1","0.004"
"1"," "
"1","  "
"1"," "
"1","  -0.003"
"1"," "
"1","  "
"1"," "
"1","-0.001"
"1"," "
"1","
"
"1","                     housing_units"
"1"," "
"1","  "
"1"," "
"1"," -0.002"
"1"," "
"1","  "
"1"," "
"1","     0.001"
"1"," "
"1","  "
"1"," "
"1","   -8.116"
"1"," "
"1","  "
"1"," "
"1","-1.737"
"1"," "
"1","  "
"1"," "
"1","0.087"
"1"," "
"1","  "
"1"," "
"1","  -0.004"
"1"," "
"1","  "
"1"," "
"1"," 0.000"
"1"," "
"1","
"
"1","               occupied_households"
"1"," "
"1","  "
"1"," "
"1","  0.005"
"1"," "
"1","  "
"1"," "
"1","     0.002"
"1"," "
"1","  "
"1"," "
"1","   17.434"
"1"," "
"1","  "
"1"," "
"1"," 2.778"
"1"," "
"1","  "
"1"," "
"1","0.007"
"1"," "
"1","  "
"1"," "
"1","   0.001"
"1"," "
"1","  "
"1"," "
"1"," 0.009"
"1"," "
"1","
"
"1","               socioeconomic_score"
"1"," "
"1","  "
"1"," "
"1","-15.834"
"1"," "
"1","  "
"1"," "
"1","    14.611"
"1"," "
"1","  "
"1"," "
"1","   -0.180"
"1"," "
"1","  "
"1"," "
"1","-1.084"
"1"," "
"1","  "
"1"," "
"1","0.282"
"1"," "
"1","  "
"1"," "
"1"," -44.967"
"1"," "
"1","  "
"1"," "
"1","13.299"
"1"," "
"1","
"
"1","                     below_poverty"
"1"," "
"1","  "
"1"," "
"1","  0.004"
"1"," "
"1","  "
"1"," "
"1","     0.001"
"1"," "
"1","  "
"1"," "
"1","    5.061"
"1"," "
"1","  "
"1"," "
"1"," 3.770"
"1"," "
"1","  "
"1"," "
"1","0.000"
"1"," "
"1","  "
"1"," "
"1","   0.002"
"1"," "
"1","  "
"1"," "
"1"," 0.006"
"1"," "
"1","
"
"1","                            income"
"1"," "
"1","  "
"1"," "
"1","  0.003"
"1"," "
"1","  "
"1"," "
"1","     0.001"
"1"," "
"1","  "
"1"," "
"1","    0.487"
"1"," "
"1","  "
"1"," "
"1"," 3.242"
"1"," "
"1","  "
"1"," "
"1","0.002"
"1"," "
"1","  "
"1"," "
"1","   0.001"
"1"," "
"1","  "
"1"," "
"1"," 0.004"
"1"," "
"1","
"
"1","                     no_hs_diploma"
"1"," "
"1","  "
"1"," "
"1"," -0.004"
"1"," "
"1","  "
"1"," "
"1","     0.001"
"1"," "
"1","  "
"1"," "
"1","   -2.488"
"1"," "
"1","  "
"1"," "
"1","-3.575"
"1"," "
"1","  "
"1"," "
"1","0.001"
"1"," "
"1","  "
"1"," "
"1","  -0.007"
"1"," "
"1","  "
"1"," "
"1","-0.002"
"1"," "
"1","
"
"1","house_composition_disability_score"
"1"," "
"1","  "
"1"," "
"1","  9.936"
"1"," "
"1","  "
"1"," "
"1","     9.210"
"1"," "
"1","  "
"1"," "
"1","    0.113"
"1"," "
"1","  "
"1"," "
"1"," 1.079"
"1"," "
"1","  "
"1"," "
"1","0.284"
"1"," "
"1","  "
"1"," "
"1","  -8.429"
"1"," "
"1","  "
"1"," "
"1","28.301"
"1"," "
"1","
"
"1","                   age_17_or_under"
"1"," "
"1","  "
"1"," "
"1","  0.005"
"1"," "
"1","  "
"1"," "
"1","     0.001"
"1"," "
"1","  "
"1"," "
"1","    8.689"
"1"," "
"1","  "
"1"," "
"1"," 3.436"
"1"," "
"1","  "
"1"," "
"1","0.001"
"1"," "
"1","  "
"1"," "
"1","   0.002"
"1"," "
"1","  "
"1"," "
"1"," 0.007"
"1"," "
"1","
"
"1","        civilian_with_a_disability"
"1"," "
"1","  "
"1"," "
"1","  0.001"
"1"," "
"1","  "
"1"," "
"1","     0.001"
"1"," "
"1","  "
"1"," "
"1","    1.513"
"1"," "
"1","  "
"1"," "
"1"," 1.160"
"1"," "
"1","  "
"1"," "
"1","0.250"
"1"," "
"1","  "
"1"," "
"1","  -0.001"
"1"," "
"1","  "
"1"," "
"1"," 0.004"
"1"," "
"1","
"
"1","           single_parent_household"
"1"," "
"1","  "
"1"," "
"1"," -0.013"
"1"," "
"1","  "
"1"," "
"1","     0.004"
"1"," "
"1","  "
"1"," "
"1","   -4.796"
"1"," "
"1","  "
"1"," "
"1","-2.951"
"1"," "
"1","  "
"1"," "
"1","0.004"
"1"," "
"1","  "
"1"," "
"1","  -0.022"
"1"," "
"1","  "
"1"," "
"1","-0.004"
"1"," "
"1","
"
"1","          minority_status_language"
"1"," "
"1","  "
"1"," "
"1","  8.373"
"1"," "
"1","  "
"1"," "
"1","     7.457"
"1"," "
"1","  "
"1"," "
"1","    0.095"
"1"," "
"1","  "
"1"," "
"1"," 1.123"
"1"," "
"1","  "
"1"," "
"1","0.265"
"1"," "
"1","  "
"1"," "
"1","  -6.495"
"1"," "
"1","  "
"1"," "
"1","23.241"
"1"," "
"1","
"
"1","                          minority"
"1"," "
"1","  "
"1"," "
"1","  0.000"
"1"," "
"1","  "
"1"," "
"1","     0.000"
"1"," "
"1","  "
"1"," "
"1","    0.868"
"1"," "
"1","  "
"1"," "
"1"," 1.113"
"1"," "
"1","  "
"1"," "
"1","0.269"
"1"," "
"1","  "
"1"," "
"1","   0.000"
"1"," "
"1","  "
"1"," "
"1"," 0.001"
"1"," "
"1","
"
"1","       housing_type_transportation"
"1"," "
"1","  "
"1"," "
"1"," 35.630"
"1"," "
"1","  "
"1"," "
"1","     9.685"
"1"," "
"1","  "
"1"," "
"1","    0.406"
"1"," "
"1","  "
"1"," "
"1"," 3.679"
"1"," "
"1","  "
"1"," "
"1","0.000"
"1"," "
"1","  "
"1"," "
"1","  16.319"
"1"," "
"1","  "
"1"," "
"1","54.940"
"1"," "
"1","
"
"1","              multi_unit_structure"
"1"," "
"1","  "
"1"," "
"1"," -0.002"
"1"," "
"1","  "
"1"," "
"1","     0.001"
"1"," "
"1","  "
"1"," "
"1","   -1.008"
"1"," "
"1","  "
"1"," "
"1","-1.757"
"1"," "
"1","  "
"1"," "
"1","0.083"
"1"," "
"1","  "
"1"," "
"1","  -0.003"
"1"," "
"1","  "
"1"," "
"1"," 0.000"
"1"," "
"1","
"
"1","                          crowding"
"1"," "
"1","  "
"1"," "
"1"," -0.027"
"1"," "
"1","  "
"1"," "
"1","     0.009"
"1"," "
"1","  "
"1"," "
"1","   -1.513"
"1"," "
"1","  "
"1"," "
"1","-3.125"
"1"," "
"1","  "
"1"," "
"1","0.003"
"1"," "
"1","  "
"1"," "
"1","  -0.044"
"1"," "
"1","  "
"1"," "
"1","-0.010"
"1"," "
"1","
"
"1","-"
"1",""
"1","-"
"1",""
"1","-"
"1",""
"1","-"
"1",""
"1","-"
"1",""
"1","-"
"1",""
"1","-"
"1",""
"1","-"
"1",""
"1","-"
"1",""
"1","-"
"1",""
"1","-"
"1",""
"1","-"
"1",""
"1","-"
"1",""
"1","-"
"1",""
"1","-"
"1",""
"1","-"
"1",""
"1","-"
"1",""
"1","-"
"1",""
"1","-"
"1",""
"1","-"
"1",""
"1","-"
"1",""
"1","-"
"1",""
"1","-"
"1",""
"1","-"
"1",""
"1","-"
"1",""
"1","-"
"1",""
"1","-"
"1",""
"1","-"
"1",""
"1","-"
"1",""
"1","-"
"1",""
"1","-"
"1",""
"1","-"
"1",""
"1","-"
"1",""
"1","-"
"1",""
"1","-"
"1",""
"1","-"
"1",""
"1","-"
"1",""
"1","-"
"1",""
"1","-"
"1",""
"1","-"
"1",""
"1","-"
"1",""
"1","-"
"1",""
"1","-"
"1",""
"1","-"
"1",""
"1","-"
"1",""
"1","-"
"1",""
"1","-"
"1",""
"1","-"
"1",""
"1","-"
"1",""
"1","-"
"1",""
"1","-"
"1",""
"1","-"
"1",""
"1","-"
"1",""
"1","-"
"1",""
"1","-"
"1",""
"1","-"
"1",""
"1","-"
"1",""
"1","-"
"1",""
"1","-"
"1",""
"1","-"
"1",""
"1","-"
"1",""
"1","-"
"1",""
"1","-"
"1",""
"1","-"
"1",""
"1","-"
"1",""
"1","-"
"1",""
"1","-"
"1",""
"1","-"
"1",""
"1","-"
"1",""
"1","-"
"1",""
"1","-"
"1",""
"1","-"
"1",""
"1","-"
"1",""
"1","-"
"1",""
"1","-"
"1",""
"1","-"
"1",""
"1","-"
"1",""
"1","-"
"1",""
"1","-"
"1",""
"1","-"
"1",""
"1","-"
"1",""
"1","-"
"1",""
"1","-"
"1",""
"1","-"
"1",""
"1","-"
"1",""
"1","-"
"1",""
"1","-"
"1",""
"1","-"
"1",""
"1","-"
"1",""
"1","-"
"1",""
"1","-"
"1",""
"1","-"
"1",""
"1","-"
"1",""
"1","-"
"1",""
"1","-"
"1",""
"1","-"
"1",""
"1","-"
"1",""
"1","-"
"1",""
"1","-"
"1",""
"1","-"
"1",""
"1","-"
"1",""
"1","-"
"1",""
"1","-"
"1",""
"1","-"
"1",""
"1","-"
"1",""
"1","-"
"1",""
"1","-"
"1",""
"1","-"
"1",""
"1","-"
"1",""
"1","-"
"1",""
"1","-"
"1",""
"1","-"
"1",""
"1","-"
"1",""
"1","-"
"1",""
"1","
"
"1","
"
