FIPS,State,County,% Fair or Poor Health,95% CI - Low...73,95% CI - High...74,# Primary Care Physicians,Primary Care Physicians Rate,Primary Care Physicians Ratio,National Z-Score...90,# Mental Health Providers,Mental Health Provider Rate,Mental Health Provider Ratio,National Z-Score...94,# Dentists,Dentist Rate,Dentist Ratio,National Z-Score...98,Preventable Hospitalization Rate,# Uninsured,% Uninsured,% Long Commute - Drives Alone,% Unemployed,National Z-Score...181,80th Percentile Income,20th Percentile Income,Income Ratio,National Z-Score...185
39000,Ohio,NA,17.9,17,18.8,8868,75.28003,1328:1,NA,41176,349.36557999999997,286:1,NA,7660,65.1579,1535:1,NA,3033,667791,7.0965164752,30.5,3.5349348861,NA,136245,29320,4.6468281037,NA
39001,Ohio,Adams,23.4,21.1,25.9,12,43.56982,2295:1,0.2916794376,65,236.18328000000002,423:1,-0.106914979,11,40.1167,2493:1,0.2555481078,4230,1973,8.8805869379,47.5,5.0490504905,1.1929258512,105636,19336,5.4631774928,1.1207050996
39003,Ohio,Allen,21.7,19.6,23.9,66,64.9159,1540:1,-0.297177934,314,311.39054999999996,321:1,-0.430607493,63,62.3053,1605:1,-0.393875278,3632,5424,6.816125465,19.3,3.7209996588,0.0985755732,116739,27865,4.1894491297,-0.472756519
39005,Ohio,Ashland,20.2,18.2,22.3,23,43.96361,2275:1,0.2808164013,134,256.75417,389:1,-0.195452204,22,42.160940000000004,2372:1,0.195716684,3165,3140,7.7185909884,32.7,3.4354111612,-0.136757175,111933,30475,3.6729450369,-1.118914265
39007,Ohio,Ashtabula,21.5,19.5,23.5,28,28.76604,3476:1,0.7000595258,231,238.52548000000002,419:1,-0.116995824,34,35.04649,2853:1,0.4039449087,3828,7014,9.357989113,35.3,3.9691984599,0.3030981867,105799,24581,4.30409666,-0.329329989
39009,Ohio,Athens,18.3,16.5,20.1,39,62.84646,1591:1,-0.240089858,417,665.00813,150:1,-1.952579596,14,23.73726,4213:1,0.7349472268,2503,3821,8.4072256815,25.5,4.4348629504,0.6868184876,110506,19670,5.6179969497,1.3143875751
39011,Ohio,Auglaize,16.5,14.7,18.4,16,34.67632,2884:1,0.5370173882,32,69.48969,1439:1,0.6105351941,15,32.645599999999995,3063:1,0.4742149489,3485,1989,5.389513616,16.9,2.6326464384,-0.798257305,131729,36245,3.6344047455,-1.167129
39013,Ohio,Belmont,21.9,19.8,24,18,27.33527,3658:1,0.7395291068,167,257.24760000000003,389:1,-0.19757596,31,47.32174,2113:1,0.0446685443,4689,3499,7.2546702328,29.2,4.3584932891,0.6238877938,113181,26046,4.3454273209,-0.277624442
39015,Ohio,Brown,20.8,18.7,22.9,11,25.19353,3969:1,0.7986114382,224,511.68422,195:1,-1.292672591,7,16.02564,6240:1,0.9606536208,3787,2647,7.5318688823,56.3,4.0781043425,0.3928396184,124659,24559,5.0758988558,0.6362111827
39017,Ohio,Butler,18.9,17.1,20.8,203,52.02007,1922:1,0.0585691544,1143,290.80788,344:1,-0.342019559,203,52.26301,1913:1,-0.099954315,3574,20921,6.5518170089,36,3.2054592586,-0.326243844,153048,33837,4.5230960192,-0.055357074
39019,Ohio,Carroll,21.6,19.4,24,7,26.226070000000004,3813:1,0.7701276759,15,56.058,1784:1,0.6683452375,9,33.75971,2962:1,0.4416068945,3202,1777,8.6157575758,44.1,3.9084842707,0.2530680311,115296,28352,4.0665914221,-0.626454158
39021,Ohio,Champaign,18.7,16.7,20.8,6,15.504280000000001,6450:1,1.0659011954,43,110.69636000000001,903:1,0.4331814424,13,33.58392,2978:1,0.4467518265,2696,2044,6.5592709069,41.4,3.1816082517,-0.345897727,125099,35198,3.554150804,-1.267528409
39023,Ohio,Clark,21.6,19.6,23.8,61,44.974309999999996,2223:1,0.2529350305,288,213.95141999999998,467:1,-0.011228914,81,60.07521,1665:1,-0.328604214,2891,8268,7.7714801342,27.2,3.606225484,0.003998508,117476,26990,4.3525750278,-0.268682507
39025,Ohio,Clermont,17,15.2,18.9,138,65.8265,1519:1,-0.322297924,300,141.52813,707:1,0.300481333,95,45.06534,2219:1,0.1107095586,3095,10750,6.2469854663,47.8,3.1887825148,-0.339985938,158008,36246,4.359322408,-0.260241389
39027,Ohio,Clinton,20.4,18.3,22.7,26,61.89887,1616:1,-0.213949325,143,340.97954,293:1,-0.557958692,12,28.59594,3497:1,0.5927417941,2811,1972,5.929400445,38.9,3.9675979501,0.3017793228,120552,27991,4.3068129041,-0.325931909
39029,Ohio,Columbiana,20.7,18.5,22.8,30,29.61208,3377:1,0.676720438,167,166.69661,600:1,0.1921560268,27,26.862730000000003,3723:1,0.6434699216,3201,6927,9.1322575542,35.1,4.1902856508,0.4852800905,110373,23873,4.6233401751,0.0700505247
39031,Ohio,Coshocton,20.8,18.7,23,13,35.501670000000004,2817:1,0.5142491828,40,108.49222999999999,922:1,0.4426680222,12,32.81288,3048:1,0.4693187894,3032,2872,9.8765432099,32.9,4.4614496102,0.7087266237,103906,22420,4.6345227475,0.0840401637
39033,Ohio,Crawford,22,19.7,24.4,15,35.9247,2784:1,0.502579227,59,142.0694,704:1,0.2981516998,23,55.39232,1805:1,-0.191543977,1909,2435,7.5161280365,29.2,4.2640680448,0.5460788051,109459,26427,4.1419381693,-0.532193754
39035,Ohio,Cuyahoga,19.5,17.8,21.2,1390,111.25456,899:1,-1.575485411,6293,510.34476,196:1,-1.286907559,1394,112.77943,887:1,-1.871169651,3545,68319,7.0157548722,30.3,3.8465666919,0.2020462494,131798,24332,5.4166529673,1.0625019161
39037,Ohio,Darke,19.3,17.4,21.5,24,46.51433,2150:1,0.2104515471,50,97.24788,1028:1,0.4910637444,22,42.69441,2342:1,0.1801030381,2308,3023,7.4109484935,30,3.1252426431,-0.392344533,116477,28555,4.0790404483,-0.610880158
39039,Ohio,Defiance,18.2,16.2,20.2,21,55.05453000000001,1816:1,-0.025140076,88,229.67506,435:1,-0.07890358,15,39.28038,2546:1,0.2800258029,3436,1975,6.5254741294,24.6,3.4655437319,-0.111927111,124791,33930,3.6778956676,-1.11272092
39041,Ohio,Delaware,11.9,10.7,13.3,326,147.68506,677:1,-2.580464534,369,159.30166,628:1,0.2239839303,143,63.19156999999999,1582:1,-0.419815114,1596,7781,4.0422669112,39.6,2.7996462882,-0.660644852,231761,58717,3.9470851712,-0.775959052
39043,Ohio,Erie,16.4,14.7,18.1,58,77.48624,1291:1,-0.643945733,209,282.29891000000003,354:1,-0.305396933,46,61.744139999999994,1620:1,-0.377451104,2863,3625,6.3745230098,24.1,4.3980208906,0.6564596207,128978,27949,4.6147626033,0.0593197977
39045,Ohio,Fairfield,19,17.1,21,90,55.87841,1790:1,-0.047867752,335,202.58829,494:1,0.0376780316,81,49.72437,2011:1,-0.025652323,2484,8177,6.100463298,46.2,3.1301401205,-0.388308878,154982,38502,4.0252973871,-0.678113885
39047,Ohio,Fayette,22.9,20.5,25.2,9,31.1354,3212:1,0.6346977512,48,166.56835,600:1,0.1927080891,15,52.0129,1923:1,-0.092633861,2812,1991,8.5169183385,40.2,3.5950804163,-0.005185333,115592,25791,4.4818735218,-0.106927306
39049,Ohio,Franklin,17.7,16.1,19.2,1342,101.55787999999998,985:1,-1.307990769,6155,464.15592999999996,215:1,-1.088110554,1269,96.00399,1042:1,-1.380180407,2454,91985,8.2117000098,23.8,3.1421501561,-0.378412279,146181,32612,4.4824297804,-0.106231414
39051,Ohio,Fulton,20,17.8,22.3,16,37.6914,2653:1,0.4538426893,66,157.11667,636:1,0.233388148,19,45.05466,2220:1,0.11102233,1228,2110,6.2396498699,33.1,3.5328574044,-0.0564588,135300,35627,3.7976815337,-0.962866221
39053,Ohio,Gallia,20.5,18.5,22.5,22,75.45099,1325:1,-0.587800961,150,517.4912,193:1,-1.317665887,12,41.28251,2422:1,0.22142687119999999,2983,1902,8.3274956217,29.8,4.3050430504,0.5798433325,114504,23121,4.9523809524,0.4816876248
39055,Ohio,Geauga,15.6,13.9,17.4,66,69.06294,1448:1,-0.411578934,258,270.42041,370:1,-0.254271787,44,46.08826,2170:1,0.0807705511,2538,6820,9.1849377795,44.6,3.1449248621,-0.376125845,191092,46810,4.082290109,-0.606814763
39057,Ohio,Greene,15.2,13.6,17.1,151,89.66107,1115:1,-0.979803042,636,374.7989,267:1,-0.703517401,155,92.01216,1087:1,-1.263345945,2556,7003,5.2838474075,24.7,3.2243580409,-0.310670729,165540,36253,4.5662427937,-0.001379529
39059,Ohio,Guernsey,22.6,20.3,24.8,14,36.56594,2735:1,0.4848900057,101,265.16842,377:1,-0.2316672,20,52.49619,1905:1,-0.1067791,2861,2509,8.2857237211,23.3,4.3436887769,0.6116884702,105866,24637,4.297032918,-0.338166883
39061,Ohio,Hamilton,20,18.2,21.9,906,109.66678,912:1,-1.53168448,4111,497.06307999999996,201:1,-1.229743148,628,76.1178,1314:1,-0.798144361,3052,41310,6.1835207899,30,3.2346392534,-0.302198729,147195,27389,5.3742378327,1.0094396691
39063,Ohio,Hancock,17.1,15.4,19,39,52.23961,1914:1,0.0525129997,173,231.58064,432:1,-0.087105191,36,48.08913,2079:1,0.0222085103,2501,3870,6.4541952269,17.6,2.8774822031,-0.596505925,133410,31252,4.2688467938,-0.373428331
39065,Ohio,Hardin,24.5,22.1,27,9,29.391589999999997,3402:1,0.6828028568,21,69.15174,1446:1,0.6119897175,5,16.43872,6083:1,0.9485635864,3543,2038,8.5472236202,40.1,3.758006019,0.1290698281,116355,27417,4.2438997702,-0.404637595
39067,Ohio,Harrison,20,17.8,22.2,3,20.72253,4826:1,0.921949532,6,42.37587,2360:1,0.7272331915,2,13.91014,7189:1,1.0225708199,5255,972,8.7520259319,46.8,4.1133042037,0.4218452686,110552,25053,4.412725023,-0.193433567
39069,Ohio,Henry,19.3,17.3,21.5,8,29.05077,3442:1,0.692205001,37,134.44767000000002,744:1,0.3309556384,15,54.521660000000004,1834:1,-0.166061233,3033,1320,6.0038206131,30.3,4.1850732388,0.4809849202,128348,36671,3.4999863652,-1.335289289
39071,Ohio,Highland,22.9,20.9,24.8,12,27.67911,3613:1,0.7300438718,105,240.74838,415:1,-0.126563219,21,48.397130000000004,2066:1,0.0131936299,2332,3012,8.6241947029,43.9,4.5553518221,0.7861046196,115003,25917,4.4373577189,-0.162617534
39073,Ohio,Hocking,23.8,21.6,26.1,12,42.70919,2341:1,0.3154210774,67,243.2825,411:1,-0.137470063,6,21.5378,4643:1,0.7993218853,2818,1882,8.4595675821,47.3,3.6923313119,0.0749520698,115838,27244,4.2518719718,-0.394664199
39075,Ohio,Holmes,25.2,22.8,27.7,9,20.329340000000002,4919:1,0.9327961549,9,20.27666,4932:1,0.8223483179,16,36.044149999999995,2774:1,0.3747448776,895,13088,34.820549658,25.8,2.8317040709,-0.634228361,139957,39245,3.5662377373,-1.252407395
39077,Ohio,Huron,18.1,16.2,20,32,54.8255,1824:1,-0.018822023,100,171.82426,582:1,0.1700866093,23,39.50668,2531:1,0.2734024231,3151,3773,7.9698358717,30.5,4.4807249712,0.7246100495,117469,29775,3.9452225021,-0.778289291
39079,Ohio,Jackson,21.9,19.8,24.1,14,43.06235,2322:1,0.3056786766,108,331.22738,302:1,-0.515985341,10,30.688029999999998,3259:1,0.5315098951,2750,2259,8.4632099505,34.9,4.5678815852,0.7964294878,107658,23216,4.6372329428,0.0874306764
39081,Ohio,Jefferson,19.7,17.8,21.8,25,38.5868,2592:1,0.4291421287,203,317.05869,315:1,-0.455003233,31,48.18903,2075:1,0.019284598,4214,3099,6.4663536776,32.1,5.0984200501,1.2336077212,109317,22687,4.8184863578,0.3141826029
39083,Ohio,Knox,16.7,15,18.6,25,39.74752,2516:1,0.397122091,140,221.09918000000002,452:1,-0.04199293,31,49.06383,2038:1,-0.0063195,3410,4177,8.6756947618,37.8,3.2641328649,-0.277895185,130973,34607,3.7845811541,-0.979255078
39085,Ohio,Lake,16.3,14.5,18.1,96,41.37521,2417:1,0.3522204509,732,316.00759999999997,316:1,-0.450479306,156,67.2872,1486:1,-0.539687487,3134,11284,6.2495500036,31.3,3.3549963895,-0.20302115,140511,35422,3.9667720626,-0.751330327
39087,Ohio,Lawrence,24.1,21.8,26.4,27,47.00148,2128:1,0.1970129994,455,810.79155,123:1,-2.580032236,19,33.5375,2982:1,0.4481104874,4584,3165,6.9702909243,28.6,4.0989880092,0.410048332,101402,21793,4.6529619603,0.107108016
39089,Ohio,Licking,17.7,15.8,19.6,67,37.13948,2693:1,0.469068009,303,165.39211,605:1,0.1977706102,69,38.04609,2628:1,0.316151662,3012,8924,6.040014078,43.1,3.0967909126,-0.415789539,152068,35925,4.2329297147,-0.418361371
39091,Ohio,Logan,19.5,17.3,21.7,18,39.10068,2558:1,0.414965935,54,117.24602,853:1,0.4049916516,17,36.92441,2708:1,0.3489811401,2850,2366,6.3668900191,28.5,3.0309666681,-0.47003052,127909,33263,3.8453837597,-0.903189708
39093,Ohio,Lorain,19.5,17.5,21.4,163,51.64847,1936:1,0.0688200901,712,223.96275999999997,447:1,-0.054317785,155,49.00907,2040:1,-0.004716701,3454,18288,7.3355929484,37.1,3.802225001,0.165507481,138416,29632,4.6711663067,0.1298820456
39095,Ohio,Lucas,22,20.1,24,371,86.4417,1157:1,-0.890992894,2015,473.57832,211:1,-1.128664612,320,75.00416,1333:1,-0.765550021,3519,23855,6.9205708202,19.1,4.1851882507,0.4810796931,121636,24034,5.060996921,0.6175685412
39097,Ohio,Madison,20.4,18.5,22.8,14,31.541479999999996,3170:1,0.6234957498,56,125.55490999999999,796:1,0.3692301563,13,29.857599999999998,3349:1,0.5558150114,2493,2319,7.1272704921,42.3,2.9534070504,-0.533941771,144908,39353,3.6822605646,-1.107260339
39099,Ohio,Mahoning,20.4,18.5,22.5,233,102.7509,973:1,-1.340901803,1069,473.85591999999997,211:1,-1.12985938,167,74.01301,1351:1,-0.736540751,3704,10858,6.3768933054,23.6,4.2467395279,0.5317996322,113315,22676,4.9971335333,0.5376740675
39101,Ohio,Marion,22.2,20.1,24.4,18,27.56888,3627:1,0.7330845048,172,265.22336,377:1,-0.231903649,38,58.785309999999996,1701:1,-0.290851111,3696,3250,6.8021515729,28.2,3.4312817282,-0.140159941,110608,25537,4.3312840193,-0.295318017
39103,Ohio,Medina,14.9,13.3,16.6,114,62.263780000000004,1606:1,-0.224015894,351,190.71734,524:1,0.0887706936,102,55.5822,1799:1,-0.197101278,2493,8908,6.0344944383,42.9,3.1230063493,-0.394187301,166693,43112,3.8665104843,-0.876759721
39105,Ohio,Meigs,24.1,21.7,26.5,3,13.606060000000001,7350:1,1.1182658024,30,137.82331,726:1,0.3164268814,5,22.75934,4394:1,0.763569318,3049,1518,8.7791336533,51,5.3843470171,1.4692193773,92791,19490,4.7609543356,0.2422088037
39107,Ohio,Mercer,17.8,16.1,19.8,21,49.634829999999994,2015:1,0.1243688809,46,108.39086999999999,923:1,0.4431042863,15,35.4208,2823:1,0.3929894466,3669,2249,6.6137332745,20.5,2.2504552944,-1.113193281,132444,34716,3.8150708607,-0.941111798
39109,Ohio,Miami,15.3,13.6,17.2,49,44.84551,2230:1,0.2564879643,161,145.20726,689:1,0.284646327,54,48.98092,2042:1,-0.003892984,2915,5216,5.8650894494,26.3,3.2215340994,-0.312997735,136925,34967,3.9158349301,-0.815053777
39111,Ohio,Monroe,22.3,20,24.6,2,15.004880000000002,6665:1,1.0796777448,4,30.41131,3288:1,0.7787287301,2,15.11259,6617:1,0.9873771486,2183,793,7.8351941508,49.7,5.5148476668,1.5767554888,112171,26579,4.2202866925,-0.434178064
39113,Ohio,Montgomery,20.3,19,21.7,508,94.80442,1055:1,-1.121688531,2148,402.40092000000004,249:1,-0.822316644,307,57.50227,1739:1,-0.253298552,3246,31932,7.5379055236,22.9,3.7977044302,0.1617824068,124655,26769,4.6566924428,0.11177493
39115,Ohio,Morgan,20.2,18.2,22.6,1,7.30887,13682:1,1.2919812525,27,197.86017999999999,505:1,0.0580278586,3,21.94908,4556:1,0.7872844208,2842,950,8.8553318419,57.3,4.4528521537,0.701642084,102933,21585,4.7687282835,0.2519341801
39117,Ohio,Morrow,22.6,20.4,24.9,7,19.91408,5022:1,0.9442513329,31,87.09088,1148:1,0.5347795359,5,14.14867,7068:1,1.0155893311,2626,2177,7.6410094416,57.5,3.4992405655,-0.084159997,126717,38672,3.2767118329,-1.614610538
39119,Ohio,Muskingum,18.8,16.9,20.7,46,53.235809999999994,1878:1,0.0250314645,196,227.10156,440:1,-0.067827206,53,61.54704,1625:1,-0.371682294,3039,4717,6.7952633399,31.9,3.7839147287,0.1504193149,116939,24170,4.8381878362,0.3388295766
39121,Ohio,Noble,22.2,20,24.5,1,7.054180000000001,14176:1,1.2990073726,17,118.78974,842:1,0.398347468,3,20.9278,4778:1,0.8171755681,2756,730,8.6544161233,35.4,4.9083769634,1.07700701,116259,21460,5.4174743709,1.0635295098
39123,Ohio,Ottawa,16.2,14.5,18.1,19,47.37682,2111:1,0.1866587781,50,125.61867000000001,796:1,0.3689557153,17,42.52339,2352:1,0.1851084293,2776,1923,6.6333218351,34,4.7811447811,0.9721642053,139609,34141,4.0891889517,-0.598184162
39125,Ohio,Paulding,21,18.8,23.3,4,21.19654,4718:1,0.9088731323,12,64.15054,1559:1,0.6335149054,3,15.99403,6252:1,0.9615788555,3603,1197,7.9842582711,36.5,3.0634324109,-0.443277858,117484,31660,3.7108022742,-1.071554046
39127,Ohio,Perry,21,18.8,23.3,10,28.20079,3546:1,0.7156526266,66,185.64879000000002,539:1,0.1105857617,12,33.821870000000004,2957:1,0.4397874114,3128,2220,7.6580772017,50.4,4.0246329933,0.3487777613,118689,24612,4.8224037055,0.3190832892
39129,Ohio,Pickaway,17.8,15.9,19.8,24,40.44967,2472:1,0.3777526679,143,234.09618999999998,427:1,-0.09793215,25,41.6507,2401:1,0.2106505421,2508,3138,6.7016914403,47,3.3013449924,-0.247231372,133029,33157,4.0120939771,-0.694631635
39131,Ohio,Pike,23.7,21.5,26.1,7,25.84075,3870:1,0.7807572337,364,1348.09822,74:1,-4.892603212,12,44.436220000000006,2250:1,0.12912313,1885,1581,7.1912667728,39.3,4.6459782415,0.8607832726,109405,17472,6.2617330586,2.1197153138
39133,Ohio,Portage,16.9,15.1,18.7,64,39.413239999999995,2537:1,0.4063438347,409,251.437,398:1,-0.172567095,85,52.55186,1903:1,-0.108408243,2551,7959,6.2553542657,39.3,3.452685422,-0.122522711,140574,30130,4.6655824759,0.122896553
39135,Ohio,Preble,19.6,17.4,21.9,7,17.12873,5838:1,1.0210885672,41,101.09478,989:1,0.474506675,6,14.779779999999999,6766:1,0.9971178741,2945,1955,6.0473892601,41.3,3.0807545081,-0.429003976,126933,31637,4.0121692954,-0.694537411
39137,Ohio,Putnam,15.7,14.1,17.6,16,46.62276,2145:1,0.2074603384,21,61.405300000000004,1629:1,0.6453304154,9,26.21308,3815:1,0.6624840492,2242,1602,5.7569985985,33.9,2.6307431717,-0.799825649,137932,39604,3.4827795172,-1.356815427
39139,Ohio,Richland,19.6,17.8,21.6,59,47.12648,2122:1,0.1935646411,602,481.35355,208:1,-1.162129212,79,63.03912,1586:1,-0.415353215,2832,6778,7.2352690009,21.9,4.1481393648,0.4505503959,108831,25788,4.2202187064,-0.434263116
39141,Ohio,Ross,21.7,19.7,23.9,51,66.32766,1508:1,-0.336122871,466,609.1423599999999,164:1,-1.712133008,44,57.436749999999996,1741:1,-0.251381122,1898,3953,6.7580736156,31.3,3.3799796863,-0.182434229,113651,25860,4.3948569219,-0.215786947
39143,Ohio,Sandusky,19.8,17.8,22,18,30.65656,3262:1,0.6479072123,107,182.25485,549:1,0.1251932818,32,54.545139999999996,1833:1,-0.166748493,2867,2853,6.1161489485,23.7,3.5343590428,-0.055221409,122144,27429,4.453097087,-0.142927246
39145,Ohio,Scioto,23.1,20.9,25.3,41,55.89944,1789:1,-0.048447806,660,917.06151,109:1,-3.037418776,26,36.014070000000004,2777:1,0.3756252957,4332,4192,7.4426532207,34.7,4.8032720389,0.9903976721,107883,19147,5.6344597065,1.3349828385
39147,Ohio,Seneca,19.8,17.8,21.9,20,36.425889999999995,2745:1,0.4887533069,97,177.89352,562:1,0.143964469,22,40.26944,2483:1,0.2510777773,2994,2673,6.3185514372,25.7,3.5864101886,-0.012329838,116522,28378,4.1060680809,-0.577068007
39149,Ohio,Shelby,18.5,16.6,20.6,22,45.855309999999996,2181:1,0.2286315867,45,94.21124,1061:1,0.5041334702,14,29.367960000000004,3405:1,0.5701460413,3284,2716,6.9486018369,19.1,3.1429537006,-0.377750137,133223,35190,3.7858198352,-0.977705461
39151,Ohio,Stark,16.4,14.8,18.1,289,77.30704,1294:1,-0.6390023,1397,374.81620999999996,267:1,-0.703591924,236,63.329010000000004,1579:1,-0.423837782,2711,18934,6.4556383697,26.2,3.678550904,0.063596636,122858,28653,4.2877883642,-0.349732019
39153,Ohio,Summit,17.7,16.1,19.4,525,97.65025999999999,1024:1,-1.200194354,2033,379.48008,264:1,-0.723665216,361,67.36558,1484:1,-0.541981321,2743,28096,6.5849176885,28.5,3.6910121167,0.0738650168,140784,29225,4.817245509,0.3126302742
39155,Ohio,Trumbull,22.1,20.1,24.2,91,45.198299999999996,2212:1,0.2467558406,473,236.05975,424:1,-0.106383307,98,48.84297,2047:1,1.447245e-4,3315,13193,8.6078542674,26.2,4.3735110812,0.6362628661,107859,23520,4.5858418367,0.0231392957
39157,Ohio,Tuscarawas,21.5,19.4,23.5,33,35.67568,2803:1,0.5094489125,182,198.09739,505:1,0.0570068819,37,40.244949999999996,2485:1,0.2517945242,2732,6303,8.6292817831,27.4,3.5762859245,-0.020672509,117996,27853,4.2363838725,-0.414040145
39159,Ohio,Union,12.7,11.2,14.3,37,56.948480000000004,1756:1,-0.077387087,93,133.54969,749:1,0.3348205538,23,34.380700000000004,2909:1,0.4234314555,2432,2368,4.2402320668,37.8,2.7860827283,-0.671821597,183274,51054,3.5898068712,-1.222921901
39161,Ohio,Van Wert,17.7,15.8,19.7,13,45.24572,2210:1,0.2454477658,44,153.28874000000002,652:1,0.2498635839,12,41.71156,2397:1,0.2088691545,2161,1369,5.9836531317,24.1,2.8290282903,-0.636433277,120075,34597,3.4706766483,-1.371956376
39163,Ohio,Vinton,25.5,23,28.1,2,15.75299,6348:1,1.0590400526,16,128.26679000000001,780:1,0.3575581789,3,23.87585,4188:1,0.7308911263,1840,899,8.8790123457,57,4.7610294118,0.9555885897,118372,23646,5.006005244,0.5487727687
39165,Ohio,Warren,14.2,12.7,15.8,210,85.17438,1174:1,-0.856032449,644,255.40556,392:1,-0.18964777,108,43.2384,2313:1,0.1641813335,2835,9229,4.4257420995,38.9,3.0102517812,-0.487100155,197154,51639,3.81792831,-0.937537067
39167,Ohio,Washington,20.8,18.9,23,43,72.36255,1382:1,-0.50260269,181,308.995,324:1,-0.420297036,36,61.11951,1636:1,-0.359169157,2641,3376,7.5310074061,28.1,4.2428076966,0.5285596955,116251,25964,4.4773917732,-0.11253407
39169,Ohio,Wayne,18.2,16.4,20.2,58,49.69583,2012:1,0.1226861834,472,405.11544,247:1,-0.833999968,57,48.90227,2045:1,-0.001590971,2264,11549,12.609592855,24.3,2.8152782351,-0.647763699,125616,32870,3.8216002434,-0.9329434
39171,Ohio,Williams,19,17,21,15,40.85412,2448:1,0.3665952054,36,98.38485,1016:1,0.4861702454,20,54.567280000000004,1833:1,-0.167396401,2456,1925,6.7679218085,22.1,3.1485660814,-0.373125381,106452,29961,3.5530189246,-1.268944415
39173,Ohio,Wood,16.1,14.6,17.8,90,67.93889,1472:1,-0.380570492,296,223.14361,448:1,-0.050792177,43,32.67676,3060:1,0.4733029739,3182,5804,5.4725289231,23.2,3.2206050228,-0.313763319,145122,31829,4.5594269377,-0.009906312
39175,Ohio,Wyandot,16.1,14.3,17.9,6,27.63958,3618:1,0.7311342718,18,83.88871,1192:1,0.5485617192,6,27.82028,3595:1,0.6154440314,2674,1014,5.9416383452,26.2,2.6062997989,-0.819967658,121155,31470,3.8498570067,-0.89759358
