FIPS,State,County,# Primary Care Physicians,Primary Care Physicians Rate,Primary Care Physicians Ratio,National Z-Score...90,county_name,state,x2018_overall_svi_score,total_population,housing_units,occupied_households,socioeconomic_score,below_poverty,unemployed,income,no_hs_diploma,house_composition_disability_score,age_65_or_older,age_17_or_under,civilian_with_a_disability,single_parent_household,minority_status_language,minority,speak_english_less_than_well,housing_type_transportation,multi_unit_structure,mobile_homes,crowding,no_vehicle,group_quarters,county
39001,Ohio,Adams,12,43.56982,2295:1,0.2916794376,Adams,Ohio,0.931,27878,12920,10835,0.9655,6230,777,21543,3942,1,4711,6850,5580,1205,0.046,1005,18,0.7126,157,3162,168,1121,383,ADAMS
39003,Ohio,Allen,66,64.9159,1540:1,-0.297177934,Allen,Ohio,0.7701,103642,45063,40537,0.6207,14795,3070,25662,7192,0.8276,17319,24117,15701,4595,0.7241,19681,387,0.7241,2741,1766,446,3406,3976,ALLEN
39005,Ohio,Ashland,23,43.96361,2275:1,0.2808164013,Ashland,Ohio,0.5747,53477,22250,20439,0.4828,6769,1067,25471,4033,0.2874,9580,12169,7352,1580,0.5517,2311,526,0.908,1013,1335,430,1411,2253,ASHLAND
39007,Ohio,Ashtabula,28,28.76604,3476:1,0.7000595258,Ashtabula,Ohio,1,98136,46107,37652,0.908,19216,3111,22817,9608,0.7126,17737,21911,15601,3491,0.6437,10156,492,0.977,2270,4037,732,3510,3506,ASHTABULA
39009,Ohio,Athens,39,62.84646,1591:1,-0.240089858,Athens,Ohio,0.9425,65936,26610,22620,0.8966,17212,2284,20745,3827,0.046,7964,9804,10810,1690,0.6782,6924,285,1,2721,4252,520,1848,9722,ATHENS
39011,Ohio,Auglaize,16,34.67632,2884:1,0.5370173882,Auglaize,Ohio,0.023,45784,19852,18723,0.069,3906,838,29908,2110,0.3333,7946,11125,4915,1557,0.1149,1931,103,0.0575,699,631,212,884,544,AUGLAIZE
39013,Ohio,Belmont,18,27.33527,3658:1,0.7395291068,Belmont,Ohio,0.4598,68472,32211,26200,0.5517,8738,1882,26106,4832,0.3563,13591,13041,10462,2114,0.2184,4896,43,0.6552,1300,2856,97,1875,4071,BELMONT
39015,Ohio,Brown,11,25.19353,3969:1,0.7986114382,Brown,Ohio,0.5402,43679,20048,17434,0.6782,6818,1154,25637,3814,0.7586,7612,10094,7108,1605,0.069,1519,64,0.5057,367,3266,305,1026,591,BROWN
39017,Ohio,Butler,203,52.02007,1922:1,0.0585691544,Butler,Ohio,0.5057,378294,151198,138226,0.2989,47601,9789,30777,23331,0.2414,52872,90144,46200,12679,0.9425,69799,4242,0.5747,14111,3907,2047,7519,11624,BUTLER
39019,Ohio,Carroll,7,26.226070000000004,3813:1,0.7701276759,Carroll,Ohio,0.1264,27578,13646,11126,0.3678,3549,611,28421,2233,0.2644,5580,5763,4019,770,0.092,1029,56,0.1839,119,1744,121,604,453,CARROLL
39021,Ohio,Champaign,6,15.504280000000001,6450:1,1.0659011954,Champaign,Ohio,0.3563,38864,16793,15209,0.4483,4180,1180,26515,2501,0.5977,6904,8783,6170,1334,0.3678,2556,104,0.2759,453,1113,189,853,850,CHAMPAIGN
39023,Ohio,Clark,61,44.974309999999996,2223:1,0.2529350305,Clark,Ohio,0.977,135198,61310,54905,0.7356,20775,4768,25948,11551,0.977,25265,30713,22560,6291,0.8966,21361,1092,0.7816,3733,2588,802,4526,3184,CLARK
39025,Ohio,Clermont,138,65.8265,1519:1,-0.322297924,Clermont,Ohio,0.0805,203216,82830,77181,0.1494,19204,4473,32900,13641,0.1149,30876,47954,27142,5636,0.3563,12890,483,0.2299,9232,4958,963,3724,1919,CLERMONT
39027,Ohio,Clinton,26,61.89887,1616:1,-0.213949325,Clinton,Ohio,0.5632,41896,18178,16370,0.5747,5277,1275,26861,3236,0.7126,6750,9859,6647,1670,0.2299,2769,70,0.6897,770,1153,304,920,1221,CLINTON
39029,Ohio,Columbiana,30,29.61208,3377:1,0.676720438,Columbiana,Ohio,0.6322,104003,46818,41854,0.7011,14639,3294,25853,9076,0.4138,20059,21521,16240,3284,0.1954,6217,199,0.8851,1678,4473,790,2812,3889,COLUMBIANA
39031,Ohio,Coshocton,13,35.501670000000004,2817:1,0.5142491828,Coshocton,Ohio,0.8621,36574,16455,14461,0.8506,5899,1037,22471,3979,0.7816,6761,8633,5674,1194,0.4368,1469,215,0.8046,209,2225,361,1518,463,COSHOCTON
39033,Ohio,Crawford,15,35.9247,2784:1,0.502579227,Crawford,Ohio,0.3793,42021,20053,17755,0.5977,6182,1053,24513,2872,0.9195,8436,9219,6974,1753,0.1264,1928,96,0.1494,658,863,109,1208,545,CRAWFORD
39035,Ohio,Cuyahoga,1390,111.25456,899:1,-1.575485411,Cuyahoga,Ohio,0.8276,1253783,618792,538531,0.6667,221899,53245,31804,93264,0.4713,217416,264692,186767,56132,0.9885,511303,22584,0.7471,111711,3471,6238,71178,28810,CUYAHOGA
39037,Ohio,Darke,24,46.51433,2150:1,0.2104515471,Darke,Ohio,0.1149,51734,22844,20838,0.2874,5124,1213,26262,3294,0.6782,9780,12420,7146,1653,0.0575,1965,55,0.0805,407,1000,228,1119,654,DARKE
39039,Ohio,Defiance,21,55.05453000000001,1816:1,-0.025140076,Defiance,Ohio,0.2644,38279,16807,15213,0.1609,4032,917,28491,2072,0.3448,6728,8900,4857,1361,0.7586,5156,191,0.2069,612,1080,126,881,593,DEFIANCE
39041,Ohio,Delaware,326,147.68506,677:1,-2.580464534,Delaware,Ohio,0.0345,197008,71959,68649,0,8843,2824,47183,4222,0.0575,25025,53232,15539,4523,0.8621,28102,1257,0.046,3930,1300,468,1696,2621,DELAWARE
39043,Ohio,Erie,58,77.48624,1291:1,-0.643945733,Erie,Ohio,0.3678,75136,37859,31301,0.2529,8858,2050,31677,4331,0.5287,15642,15464,11014,2805,0.7816,12551,321,0.2644,2883,1218,170,2135,1276,ERIE
39045,Ohio,Fairfield,90,55.87841,1790:1,-0.047867752,Fairfield,Ohio,0.3103,152910,60573,55748,0.1034,14142,3327,31136,7872,0.3908,23108,37048,20591,5177,0.8506,20412,977,0.3563,2946,1738,944,2894,2982,FAIRFIELD
39047,Ohio,Fayette,9,31.1354,3212:1,0.6346977512,Fayette,Ohio,0.7126,28645,12760,11736,0.7816,4764,797,24931,2713,0.9655,4858,6849,4709,1375,0.6207,2121,161,0.1609,289,754,105,800,371,FAYETTE
39049,Ohio,Franklin,1342,101.55787999999998,985:1,-1.307990769,Franklin,Ohio,0.6437,1275333,550659,504702,0.3563,203044,36557,32552,76705,0.2759,146002,299072,142488,54181,1,464012,27767,0.8161,79120,5107,10687,38474,28169,FRANKLIN
39051,Ohio,Fulton,16,37.6914,2653:1,0.4538426893,Fulton,Ohio,0.2759,42305,17520,16425,0.2069,3919,1044,28411,2527,0.4828,7070,10131,5644,1490,0.7931,4578,293,0.1149,289,1324,276,565,474,FULTON
39053,Ohio,Gallia,22,75.45099,1325:1,-0.587800961,Gallia,Ohio,0.7816,30195,13892,11662,0.8736,6608,657,22588,3769,0.5402,5450,6916,6203,792,0.1609,1979,31,0.8621,233,3305,227,858,838,GALLIA
39055,Ohio,Geauga,66,69.06294,1448:1,-0.411578934,Geauga,Ohio,0.1494,93961,37075,35285,0.0575,5642,1453,42149,6077,0.2184,17977,22073,9889,1450,0.4483,4095,571,0.4368,1097,1105,731,3234,1027,GEAUGA
39057,Ohio,Greene,151,89.66107,1115:1,-0.979803042,Greene,Ohio,0.2184,165811,69878,65406,0.1839,19065,4550,34682,7391,0.0345,27076,34242,20911,5346,0.8736,26615,1125,0.3793,6172,764,647,3397,9104,GREENE
39059,Ohio,Guernsey,14,36.56594,2735:1,0.4848900057,Guernsey,Ohio,0.8736,39274,19285,16098,0.8851,7815,1254,23599,3865,0.9425,7326,8775,6874,1674,0.1609,2231,66,0.7701,688,2980,251,1302,534,GUERNSEY
39061,Ohio,Hamilton,906,109.66678,912:1,-1.53168448,Hamilton,Ohio,0.6782,812037,378837,339966,0.4023,128930,26167,34125,49310,0.2874,119690,187979,99713,36076,0.977,280079,9430,0.8506,64050,3061,5578,40081,18436,HAMILTON
39063,Ohio,Hancock,39,52.23961,1914:1,0.0525129997,Hancock,Ohio,0.2414,75690,34030,31887,0.1264,8545,1718,30794,3999,0.092,12284,17000,8424,2672,0.6897,8090,372,0.5632,2479,2237,243,2107,1944,HANCOCK
39065,Ohio,Hardin,9,29.391589999999997,3402:1,0.6828028568,Hardin,Ohio,0.5977,31542,13187,11495,0.7586,4880,893,22329,2022,0.1379,4805,7371,4558,813,0.3333,1532,109,0.8966,531,1076,179,754,2297,HARDIN
39067,Ohio,Harrison,3,20.72253,4826:1,0.921949532,Harrison,Ohio,0.7471,15307,8111,6200,0.7931,2545,381,24108,1568,0.5517,3118,3222,2820,443,0.5057,770,87,0.6437,76,1308,101,525,270,HARRISON
39069,Ohio,Henry,8,29.05077,3442:1,0.692205001,Henry,Ohio,0.1609,27316,12071,11065,0.1379,2593,588,28328,1302,0.7701,4811,6440,3546,1187,0.3793,2715,42,0.092,403,821,59,476,444,HENRY
39071,Ohio,Highland,12,27.67911,3613:1,0.7300438718,Highland,Ohio,0.9195,43007,19326,16646,0.9195,8836,1237,22624,4631,0.954,7573,10437,7872,1501,0.4138,2020,190,0.6322,472,2864,265,1369,557,HIGHLAND
39073,Ohio,Hocking,12,42.70919,2341:1,0.3154210774,Hocking,Ohio,0.5862,28495,13396,11120,0.6092,3785,786,24138,2063,0.8506,5219,6366,4907,1055,0.0805,1015,56,0.7011,271,2310,241,584,687,HOCKING
39075,Ohio,Holmes,9,20.329340000000002,4919:1,0.9327961549,Holmes,Ohio,0.4713,43859,13640,12437,0.5632,4787,447,22923,10761,0.0575,5699,14127,3481,510,0.5287,933,887,0.8736,212,1109,563,3673,896,HOLMES
39077,Ohio,Huron,32,54.8255,1824:1,-0.018822023,Huron,Ohio,0.6092,58457,25247,22860,0.5862,7845,1411,25375,4628,0.5862,9536,14277,7960,2192,0.8046,5711,565,0.3908,752,1869,290,1476,1006,HURON
39079,Ohio,Jackson,14,43.06235,2322:1,0.3056786766,Jackson,Ohio,0.9655,32524,14774,12892,0.9655,6265,1585,22117,3416,0.9885,5326,7883,5965,1484,0.1839,1286,94,0.7931,427,2559,313,1008,357,JACKSON
39081,Ohio,Jefferson,25,38.5868,2592:1,0.4291421287,Jefferson,Ohio,0.7356,66886,32528,27363,0.7241,11647,2366,25658,4593,0.6437,13770,12959,12022,2282,0.4828,6399,167,0.6782,1614,2093,134,2485,2368,JEFFERSON
39083,Ohio,Knox,25,39.74752,2516:1,0.397122091,Knox,Ohio,0.3333,61215,25731,23340,0.5402,8222,1586,25589,3733,0.1954,10538,14028,7939,1925,0.3908,2784,300,0.3333,405,948,267,1836,3528,KNOX
39085,Ohio,Lake,96,41.37521,2417:1,0.3522204509,Lake,Ohio,0.1379,230052,102619,95980,0.0805,18830,5449,33737,13190,0.1609,43492,47244,29673,7523,0.8851,26244,2585,0.1724,10972,1735,786,4588,3161,LAKE
39087,Ohio,Lawrence,27,47.00148,2128:1,0.1970129994,Lawrence,Ohio,0.7241,60622,27524,23540,0.8391,11082,1602,23692,5755,0.8966,11025,13465,13655,2182,0.2759,3128,176,0.3563,581,4671,293,1699,682,LAWRENCE
39089,Ohio,Licking,67,37.13948,2693:1,0.469068009,Licking,Ohio,0.2529,172293,70647,64016,0.2414,19101,4340,30338,10209,0.3563,27141,40368,26245,5579,0.5287,16230,676,0.2874,2569,2924,993,3087,3810,LICKING
39091,Ohio,Logan,18,39.10068,2558:1,0.414965935,Logan,Ohio,0.4023,45307,23399,18654,0.3218,5984,1103,27840,2705,0.3563,7712,10690,6175,1620,0.6437,2966,391,0.4483,706,2138,475,1013,458,LOGAN
39093,Ohio,Lorain,163,51.64847,1936:1,0.0688200901,Lorain,Ohio,0.6667,306713,130429,119536,0.5172,40799,9507,29777,21800,0.6322,53050,68799,45673,12402,0.908,65973,2831,0.5402,10808,3016,1157,8195,9328,LORAIN
39095,Ohio,Lucas,371,86.4417,1157:1,-0.890992894,Lucas,Ohio,0.8966,432379,203073,179065,0.7126,80686,16242,28361,31510,0.6552,66474,100005,65360,22557,0.908,134436,3529,0.7586,25474,4563,2139,18358,9615,LUCAS
39097,Ohio,Madison,14,31.541479999999996,3170:1,0.6234957498,Madison,Ohio,0.4253,43988,16068,15080,0.3793,3939,969,28331,4071,0.1724,6541,9149,5992,1484,0.7126,4997,227,0.6092,578,846,247,803,5072,MADISON
39099,Ohio,Mahoning,233,102.7509,973:1,-1.340901803,Mahoning,Ohio,0.7586,231064,111447,98052,0.6552,39441,9129,27429,14934,0.6092,46245,46852,34564,9497,0.931,55078,2192,0.5517,8410,1340,723,8353,6677,MAHONING
39101,Ohio,Marion,18,27.56888,3627:1,0.7330845048,Marion,Ohio,0.8391,65344,27908,24616,0.8161,9504,1903,22878,5750,0.4138,11160,13719,11602,2062,0.6092,7518,235,0.9425,1458,1104,343,2255,5657,MARION
39103,Ohio,Medina,114,62.263780000000004,1606:1,-0.224015894,Medina,Ohio,0,177257,71882,68121,0.0115,11303,3065,35979,6282,0.023,29672,40656,19193,4287,0.3218,10644,502,0.0345,4640,675,734,2798,1427,MEDINA
39105,Ohio,Meigs,3,13.606060000000001,7350:1,1.1182658024,Meigs,Ohio,0.7931,23160,11173,9193,0.9425,5130,820,23897,2855,0.8161,4389,5026,5320,763,0,761,0,0.7356,243,3286,211,680,224,MEIGS
39107,Ohio,Mercer,21,49.634829999999994,2015:1,0.1243688809,Mercer,Ohio,0.046,40806,17935,16104,0.092,2788,567,28513,2249,0.2529,6923,10482,4684,1111,0.2529,1818,96,0.1034,530,1137,199,596,504,MERCER
39109,Ohio,Miami,49,44.84551,2230:1,0.2564879643,Miami,Ohio,0.092,104800,44323,41081,0.2184,9764,2442,29703,7121,0.3218,18836,24304,14489,3045,0.5747,7850,462,0.023,1745,894,267,2298,973,MIAMI
39111,Ohio,Monroe,2,15.004880000000002,6665:1,1.0796777448,Monroe,Ohio,0.4828,14090,7523,5945,0.7701,2309,364,25141,1214,0.7471,3204,2943,3002,465,0,384,8,0.3218,198,1032,59,478,148,MONROE
39113,Ohio,Montgomery,508,94.80442,1055:1,-1.121688531,Montgomery,Ohio,0.8851,532034,254821,223894,0.6322,89854,18780,28807,36035,0.6667,91990,118680,79697,25283,0.954,154006,5548,0.8276,22798,3211,2822,22029,17634,MONTGOMERY
39115,Ohio,Morgan,1,7.30887,13682:1,1.2919812525,Morgan,Ohio,0.7011,14702,7949,6147,0.8276,2765,302,22454,1413,0.908,2921,3147,3204,568,0.3103,1143,25,0.4023,126,1671,85,424,175,MORGAN
39117,Ohio,Morrow,7,19.91408,5022:1,0.9442513329,Morrow,Ohio,0.2069,34976,14271,12650,0.3333,3524,661,27212,3200,0.1954,5627,8329,5104,847,0.1034,1388,56,0.4253,232,1872,274,889,295,MORROW
39119,Ohio,Muskingum,46,53.235809999999994,1878:1,0.0250314645,Muskingum,Ohio,0.8161,86076,37946,34239,0.8046,13669,2707,24080,7410,0.8046,14685,19827,14429,3353,0.3448,7238,181,0.8391,1836,3781,496,2527,1966,MUSKINGUM
39121,Ohio,Noble,1,7.054180000000001,14176:1,1.2990073726,Noble,Ohio,0.5287,14443,6144,4967,0.6897,1835,210,24616,1644,0.4023,3737,2658,2435,190,0.2759,1110,33,0.4828,66,1025,28,318,2488,NOBLE
39123,Ohio,Ottawa,19,47.37682,2111:1,0.1866587781,Ottawa,Ohio,0.1034,40709,28391,17691,0.1149,4181,950,33081,2418,0.3103,9598,7772,6327,1223,0.2759,3130,89,0.2414,1312,3281,70,775,855,OTTAWA
39125,Ohio,Paulding,4,21.19654,4718:1,0.9088731323,Paulding,Ohio,0.4483,18872,8755,7770,0.3908,1919,415,25918,1397,0.7356,3368,4475,3315,572,0.5862,1456,96,0.2989,183,708,164,456,93,PAULDING
39127,Ohio,Perry,10,28.20079,3546:1,0.7156526266,Perry,Ohio,0.6897,35985,15305,13547,0.931,6907,1234,22659,3501,0.8851,5716,8569,6170,1426,0.023,1181,44,0.4138,460,2616,189,925,338,PERRY
39129,Ohio,Pickaway,24,40.44967,2472:1,0.3777526679,Pickaway,Ohio,0.3448,57420,21362,19728,0.4368,6174,1078,26515,5081,0.1839,8681,12539,8160,1770,0.4713,4131,204,0.5287,391,1571,338,855,4717,PICKAWAY
39131,Ohio,Pike,7,25.84075,3870:1,0.7807572337,Pike,Ohio,0.954,28214,12819,10822,0.9655,5395,949,22301,3678,0.931,4896,6626,6725,973,0.1379,1333,47,0.908,322,3215,204,975,453,PIKE
39133,Ohio,Portage,64,39.413239999999995,2537:1,0.4063438347,Portage,Ohio,0.2989,162644,68834,61993,0.3448,20346,5595,29439,8264,0.0115,25025,30986,21556,4658,0.7471,16695,945,0.6207,5817,5196,333,3804,7050,PORTAGE
39135,Ohio,Preble,7,17.12873,5838:1,1.0210885672,Preble,Ohio,0.1839,41207,17886,16090,0.4253,4683,1026,27031,3041,0.5172,7500,9425,6717,1168,0.2069,1436,139,0.069,299,824,229,837,438,PREBLE
39137,Ohio,Putnam,16,46.62276,2145:1,0.2074603384,Putnam,Ohio,0.0115,33969,13892,13236,0.046,2265,514,30064,1528,0.1494,5590,8674,3450,878,0.5172,2688,132,0,190,831,115,398,309,PUTNAM
39139,Ohio,Richland,59,47.12648,2122:1,0.1935646411,Richland,Ohio,0.8506,121324,54280,47998,0.7471,16190,3533,24545,11178,0.5632,22951,26365,18516,4072,0.7011,17424,417,0.931,3126,2032,652,4602,7113,RICHLAND
39141,Ohio,Ross,51,66.32766,1508:1,-0.336122871,Ross,Ohio,0.908,77051,32073,28747,0.8621,12694,2490,23756,7216,0.5747,12121,16628,14722,2874,0.4253,7996,145,0.954,1259,4268,495,2012,5930,ROSS
39143,Ohio,Sandusky,18,30.65656,3262:1,0.6479072123,Sandusky,Ohio,0.5517,59299,26336,23562,0.4828,7872,1479,26256,3993,0.8621,10577,13583,9034,2550,0.8391,9093,356,0.1954,817,1275,143,1499,1308,SANDUSKY
39145,Ohio,Scioto,41,55.89944,1789:1,-0.048447806,Scioto,Ohio,0.9885,76377,34425,30086,0.954,17132,2403,23042,8026,0.8391,13232,16706,16394,2973,0.2299,5077,121,0.9885,1754,4703,559,2975,3585,SCIOTO
39147,Ohio,Seneca,20,36.425889999999995,2745:1,0.4887533069,Seneca,Ohio,0.4368,55475,24114,21652,0.4713,7680,1353,25555,3283,0.4828,9434,12284,8030,2302,0.5632,5556,197,0.3333,906,1108,119,1417,3104,SENECA
39149,Ohio,Shelby,22,45.855309999999996,2181:1,0.2286315867,Shelby,Ohio,0.2299,48797,20421,18643,0.2299,4384,1162,29008,3208,0.4598,7570,12358,6211,1793,0.4483,3432,189,0.2184,903,826,342,977,432,SHELBY
39151,Ohio,Stark,289,77.30704,1294:1,-0.6390023,Stark,Ohio,0.5172,373475,166502,152649,0.4138,50408,11432,28434,22563,0.5057,69336,81165,49462,15101,0.7586,50278,1845,0.4598,10387,3265,1504,11069,9118,STARK
39153,Ohio,Summit,525,97.65025999999999,1024:1,-1.200194354,Summit,Ohio,0.3908,541810,245792,224385,0.2759,69576,15960,32055,31983,0.1149,92166,115333,69248,19901,0.9655,122759,6878,0.5172,26203,2414,2143,19825,9426,SUMMIT
39155,Ohio,Trumbull,91,45.198299999999996,2212:1,0.2467558406,Trumbull,Ohio,0.6207,201794,95707,86163,0.6437,34604,4794,26116,15747,0.6092,41230,41904,29367,8078,0.6322,25723,762,0.4943,5234,4258,968,6230,3895,TRUMBULL
39157,Ohio,Tuscarawas,33,35.67568,2803:1,0.5094489125,Tuscarawas,Ohio,0.4943,92526,40187,36817,0.5287,11990,1902,26034,9061,0.4368,17458,21298,13051,2774,0.5977,4881,758,0.4713,1115,3420,555,2677,1076,TUSCARAWAS
39159,Ohio,Union,37,56.948480000000004,1756:1,-0.077387087,Union,Ohio,0.069,55654,20775,19546,0.0345,3610,720,34691,2781,0.1034,6508,13872,6014,1465,0.4943,5644,161,0.3103,777,874,244,845,3199,UNION
39161,Ohio,Van Wert,13,45.24572,2210:1,0.2454477658,Van Wert,Ohio,0.1724,28281,12732,11419,0.2644,3100,631,26698,1736,0.8736,5125,6640,4013,1203,0.3908,1662,96,0.0115,229,721,70,526,313,VAN WERT
39163,Ohio,Vinton,2,15.75299,6348:1,1.0590400526,Vinton,Ohio,0.8046,13111,6270,5111,1,2719,573,20823,1850,0.7931,2153,2942,2817,517,0.0345,443,11,0.5862,71,1972,107,435,101,VINTON
39165,Ohio,Warren,210,85.17438,1174:1,-0.856032449,Warren,Ohio,0.0575,226564,85957,81859,0.0115,10100,4113,39448,9904,0.0575,30752,57412,21415,5441,0.8046,30411,1378,0.1149,4973,889,409,2507,7375,WARREN
39167,Ohio,Washington,43,72.36255,1382:1,-0.50260269,Washington,Ohio,0.4138,60671,28236,25139,0.3103,8921,1120,27860,3917,0.7011,12162,11993,12237,2171,0.1494,2950,122,0.6667,1097,3447,332,1499,1683,WASHINGTON
39169,Ohio,Wayne,58,49.69583,2012:1,0.1226861834,Wayne,Ohio,0.6552,116208,46500,43385,0.4598,13885,2256,26822,10710,0.2299,19566,28449,13937,3108,0.7241,7312,1367,0.9655,1616,3693,1059,4001,3975,WAYNE
39171,Ohio,Williams,15,40.85412,2448:1,0.3665952054,Williams,Ohio,0.3218,36936,16660,15246,0.5057,4886,809,25428,2686,0.4483,6651,8468,5396,1271,0.2644,2640,78,0.2414,287,1122,183,780,1221,WILLIAMS
39173,Ohio,Wood,90,67.93889,1472:1,-0.380570492,Wood,Ohio,0.1954,129936,53910,50443,0.1609,16365,3435,31324,4755,0,18822,26672,14624,3423,0.8276,15009,891,0.5977,6567,3702,438,2371,6965,WOOD
39175,Ohio,Wyandot,6,27.63958,3618:1,0.7311342718,Wyandot,Ohio,0.2874,22107,9945,9076,0.1839,2068,428,27037,1402,0.6897,4059,5084,3005,891,0.6667,1094,308,0.1379,284,581,90,513,292,WYANDOT
